Planner,ProblemDim,Time,Actions,Cost
metricff,2,0.0025310516357421875,6,276.0
metricff,3,0.0033249855041503906,11,890.0
metricff,4,0.004425525665283203,16,1764.0
metricff,5,0.005952119827270508,20,2249.0
metricff,6,0.012927770614624023,25,1817.0
metricff,7,0.021827220916748047,28,2100.0
metricff,8,0.024781465530395508,34,2582.0
metricff,9,0.04178357124328613,39,3098.0
metricff,10,0.03415966033935547,41,3658.0
