,Planner,ProblemDim,Actions,Time
7,ff,9,0.0,0.00137295722961418
15,lpg-td,9,37.0,0.07515368461608882
23,sgplan40,9,0.0,0.00114750862121578
