,Planner,ProblemDim,Actions,Time
39,ff,41,144.0,50.419394731521606
196,lpg-td,157,632.0,54.69684704144796
292,sgplan40,96,402.0,41.18587199846903
