,Planner,ProblemDim,Actions,Time
43,ff,45,160.0,56.05036768913269
152,lpg-td,109,436.0,23.034758806228638
254,sgplan40,102,428.0,53.362803030014035
356,sgplan522,102,428.0,53.26040740013123
